-- Заполнение тестовыми данными
USE airline_management;

-- Вставка самолетов
INSERT INTO planes (name, category, seats_count) VALUES
('Boeing 737-800', 'Средний', 189),
('Airbus A320', 'Средний', 180),
('Boeing 777-300', 'Дальний', 368),
('Airbus A380', 'Дальний', 555),
('Embraer E190', 'Региональный', 114),
('Boeing 787-9', 'Дальний', 296),
('Airbus A350-900', 'Дальний', 325),
('Sukhoi Superjet 100', 'Региональный', 98);

-- Вставка рейсов
INSERT INTO flights (flight_number, plane_id, stops, departure_time, free_seats, price) VALUES
('SU1234', 1, '["Москва", "Санкт-Петербург"]', '10:00:00', 150, 8500.00),
('S7456', 2, '["Москва", "Казань", "Уфа"]', '12:30:00', 100, 12000.00),
('AFL789', 3, '["Москва", "Дубай"]', '23:45:00', 280, 35000.00),
('FV012', 4, '["Москва", "Пекин"]', '15:20:00', 400, 45000.00),
('N4345', 5, '["Москва", "Сочи"]', '08:15:00', 80, 6500.00),
('UT567', 6, '["Москва", "Нью-Йорк"]', '17:00:00', 200, 65000.00),
('SU890', 7, '["Москва", "Лондон"]', '14:30:00', 250, 55000.00),
('S7123', 8, '["Москва", "Краснодар"]', '09:00:00', 60, 5500.00),
('AFL456', 1, '["Москва", "Екатеринбург"]', '18:30:00', 120, 15000.00),
('FV789', 2, '["Москва", "Новосибирск"]', '22:00:00', 150, 18000.00);

-- Вставка билетов
INSERT INTO tickets (counter_number, flight_number, flight_date, sale_time) VALUES
(1, 'SU1234', '2025-05-15', '2025-05-10 10:30:00'),
(2, 'SU1234', '2025-05-15', '2025-05-10 11:00:00'),
(1, 'S7456', '2025-05-16', '2025-05-11 14:20:00'),
(3, 'AFL789', '2025-05-17', '2025-05-12 09:15:00'),
(2, 'FV012', '2025-05-18', '2025-05-13 16:45:00'),
(1, 'N4345', '2025-05-19', '2025-05-14 12:00:00'),
(3, 'UT567', '2025-05-20', '2025-05-15 13:30:00'),
(2, 'SU890', '2025-05-21', '2025-05-16 15:00:00'),
(1, 'S7123', '2025-05-22', '2025-05-17 10:20:00'),
(2, 'AFL456', '2025-05-23', '2025-05-18 11:40:00');